<?xml version="1.0" encoding="UTF-8"?>

<!DOCTYPE mapper PUBLIC "-//mybatis.org//DTD Mapper 3.0//EN" 
"http://mybatis.org/dtd/mybatis-3-mapper.dtd">

<mapper namespace="store.mapper">

	<select id="file" resultType="store.Store_FileVO">
		select s.*, f.*
		from store s left outer join store_file f on s.store_number = f.store_number
	</select>
	

	<select id="list" resultType="store.StoreVO">
		select * from store
	</select>
	
<!-- 	select s.* , st.*
		from store s left outer join state st on s.store_number = st.store_number
		where customer_email = #{customer_email, jdbcType=VARCHAR}
		ORDER BY st.inventory_number
	</select>  -->
<select id="detail" resultType="store.StoreVO">
	select s.* ,b.now_state 
		from store s left outer join  state b on   s.store_number = b.store_number
		where customer_email = #{customer_email, jdbcType=VARCHAR}
	</select> 
<!-- 	<select id="detail" resultType="store.StoreVO"> -->
<!-- 		select * from store where store_number = #{store_number, jdbcType=VARCHAR} -->
<!-- 	</select> -->

</mapper>